"Day","tmpd","linear_pm25","linear_pm10","o3median","death"
1,35,11.517015032,54.32320442,-14.30867741,123
2,39,11.517015032,33.872175141,-12.90151751,125
3,41,10.3586816987,0.2541436464,-15.10034407,136
4,35,9.2003483654,-20.8038674,-5.366134032,116
5,36,8.0420150321,3.1132596685,-10.95792154,119
6,38,6.8836816988,0.1519337017,-12.36978637,135
7,43,5.7253483655,-4.809392265,-12.04135759,125
8,42,4.5670150322,1.426754386,-9.713517866,129
9,41,5.43368169886667,-17.89256198,-7.100344072,116
10,39,6.30034836553333,-14.95316804,-1.334854862,108
11,40,7.1670150322,-12.0137741,-12.70612485,113
12,39,8.03368169886667,-12.09917355,-8.608719573,110
13,38,8.90034836553333,-16.1707989,-5.121612612,110
14,44,9.7670150322,7.627862028,-5.879535147,116
15,41,7.89201503216667,-1.363636364,0.6090922629,139
16,45,6.01701503213333,7.6225895317,-10.21516522,135
17,42,4.1420150321,8.6584022039,-2.175417579,114
18,54,2.26701503206667,5.6721763085,-1.977184453,127
19,42,0.392015032033333,-3.385674931,-4.592345281,107
20,41,-1.482984968,-11.25159193,-6.808677406,132
21,35,-0.9663183013,-25.32231405,-7.111431379,120
22,33,-0.4496516346,-15.35261708,-12.85034407,115
23,34,0.0670150321,-26.44077135,-0.938692313,123
24,34,0.5836816988,-18.44628099,2.0337138986,114
25,36,1.1003483655,-22.57300275,0.792392658,110
26,34,1.6170150322,1.1515027322,-8.403314482,91
27,36,1.50034836553333,-4.567493113,3.5664657375,125
28,38,1.38368169886667,-20.58953168,3.3141718111,121
29,26,1.2670150322,-11.61432507,9.192435857,131
30,18,1.15034836553333,-17.5922865,0.4348265433,134
31,18,1.03368169886667,-15.55647383,-3.597139802,123
32,18,0.9170150322,3.3684210526,-6.77320134,104
33,29,2.1670150322,17.253443526,-4.259616327,134
34,28,3.4170150322,-17.83746556,7.1079892609,132
35,27,4.6670150322,-19.88705234,8.3579892609,90
36,30,5.9170150322,-11.88429752,10.232989261,134
37,36,7.1670150322,2.2892561983,-4.898509665,97
38,45,8.4170150322,3.7627118644,-15.6712807,115
39,37,6.6753483655,-29.56198347,-0.458887415,128
40,35,4.9336816988,-27.4214876,17.671225732,102
41,37,3.1920150321,-30.44628099,16.482989261,116
42,36,1.4503483654,-24.56473829,7.5231640879,89
43,38,-0.2913183013,4.4269972452,-4.681840503,119
44,40,-2.032984968,-0.924863388,-5.223484191,138
45,51,-2.09131830133333,4.4490358127,-2.913924186,124
46,68,-2.14965163466667,61.404958678,11.397657312,126
47,67,-2.207984968,66.26446281,11.691317959,120
48,57,-2.26631830133333,-17.92011019,7.5394565397,128
49,62,-2.32465163466667,8.0661157025,1.3901022137,107
50,73,-2.382984968,-3.016666667,2.472242155,106
51,59,-4.671858745,-5.939393939,0.2214463173,114
52,44,-6.960732522,-18.00550964,-1.187648719,89
53,44,-9.249606299,-21.00826446,-7.234485924,95
54,41,-11.3496063,-20.85674931,-3.567342815,102
55,41,-16.2496063,-28.63360882,7.7715162135,113
56,41,-11.58298497,-17.87966102,-1.742342815,101
57,48,-3.449606299,-2.515151515,-5.48242218,105
58,52,9.2503937008,15.67768595,-0.975141297,100
59,48,4.3503937008,-13.1322314,-14.18578159,103
60,43,-4.049606299,-22.95867769,4.4713878386,107
61,46,-6.449606299,-16.94490358,2.5857398575,109
62,50,-1.032984968,-1.524590164,0.7526306502,91
63,64,0.5378596992,6.9834710744,21.901477623,115
64,62,2.1087043664,15.958677686,10.788776072,111
65,58,3.6795490336,-10.04958678,-0.92044177,111
66,53,5.2503937008,13.928374656,-8.027857736,112
67,42,-9.849606299,-24.04132231,-11.17210145,102
68,45,-6.432984968,-13.14267852,-2.699935416,111
69,50,-2.249606299,7.9090909091,-2.770443463,113
70,52,1.6503937008,-5.983471074,7.2694908083,99
71,52,1.36704903365,12.027548209,1.4074242658,100
72,50,1.0837043665,-5.005509642,8.1988164086,99
73,53,0.80035969935,-9.994490358,7.658831267,95
74,56,0.5170150322,9.6232758621,-2.044706773,104
75,62,-1.549606299,15.005509642,3.3758678467,99
76,56,4.8503937008,6.9476584022,9.7803037492,113
77,48,0.0503937008,-8.115702479,5.7404205607,103
78,45,-9.849606299,-23.33884298,8.6621218629,92
79,46,-0.149606299,-5.545454545,1.2842452871,92
80,54,11.467015032,18.525423729,-6.298075737,102
81,55,21.050393701,3.5592286501,-11.26014724,107
82,59,17.050393701,-7.399449036,-10.07712543,108
83,57,14.950393701,7.7079889807,-0.678454888,99
84,53,0.9503937008,-14.27272727,1.9891757148,93
85,60,0.5503937008,-5.283746556,0.49827843,119
86,62,10.017015032,10.345903955,-2.112968615,115
87,68,5.5503937008,5.7685950413,1.1899764962,99
88,57,13.750393701,0.7878787879,0.3574295667,80
89,62,-1.449606299,-14.22865014,16.046078564,92
90,58,-10.4496063,-20.26721763,5.2531287334,110
91,58,-11.7496063,-24.31129477,7.694097312,115
92,61,-6.232984968,-3.766666667,2.4921625426,101
93,63,5.1503937008,23.526170799,12.439664191,107
94,68,-2.749606299,6.4958677686,10.63009484,112
95,68,7.8503937008,18.468319559,10.994077452,117
96,75,38.150393701,76.432506887,15.630679125,117
97,72,-11.0496063,0.391184573,13.818868103,85
98,68,-7.382984968,0.3221264368,4.783896462,120
99,76,-5.149606299,67.32231405,13.840883388,112
100,79,7.5503937008,57.380165289,12.856330857,137
101,65,-6.149606299,11.355371901,-0.192690441,88
102,64,-12.6496063,-0.597796143,6.2694908083,101
103,57,-9.349606299,-5.47107438,-0.163537933,93
104,61,-7.882984968,0.5902542373,10.894490808,100
105,61,1.0503937008,-6.58953168,11.50385514,86
106,62,-6.749606299,-17.66115702,14.7947954,87
107,63,9.3503937008,4.3195592287,1.9614620667,93
108,67,11.150393701,35.330578512,15.008554446,106
109,75,7.2503937008,48.369146006,11.527430645,98
110,74,-5.682984968,-4.434745763,6.221222499,114
111,73,0.5503937008,26.225895317,10.774655928,128
112,70,-7.949606299,0.1983471074,16.772997524,118
113,63,-8.349606299,-5.867768595,3.8163225943,100
114,63,-10.5496063,3.9614325069,3.4621884735,103
115,55,-11.2496063,-11.06060606,-8.369821212,83
116,56,-11.13298497,-8.526315789,2.117497629,109
117,50,-8.949606299,-23.22589532,-2.079478193,97
118,54,-6.549606299,-17.26997245,-12.99243328,107
119,58,-9.949606299,-23.26446281,0.2841642956,108
120,56,0.6503937008,8.7658402204,-3.893356837,113
121,61,15.450393701,-9.225895317,-5.560912881,109
122,68,9.1670150322,4.2584745763,0.8781287334,102
123,68,4.7503937008,3.7603305785,-2.090835704,100
124,74,-6.649606299,-11.28650138,10.452686231,108
125,69,-2.849606299,-17.31955923,11.626553255,104
126,67,1.6503937008,-5.311294766,7.147997524,92
127,70,1.0503937008,-9.374655647,6.1035730765,93
128,70,-3.882984968,5.2833333333,-7.91725143,101
129,73,1.9503937008,4.7768595041,-0.49614486,99
130,77,3.6503937008,22.862258953,13.951568953,124
131,73,-8.649606299,0.8567493113,7.9396641906,97
132,78,-1.649606299,5.9504132231,10.144490808,104
133,79,-4.649606299,-19.0523416,12.147997524,102
134,74,-5.432984968,-0.983333333,6.5341642956,90
135,74,-2.649606299,4.8925619835,18.784164296,84
136,83,7.0503937008,40.914600551,10.769490808,107
137,83,2.9503937008,32.922865014,21.450975964,115
138,79,-2.749606299,11.903581267,16.564664191,103
139,82,3.0503937008,10.865013774,27.106330857,116
140,78,-6.532984968,-8.929888759,16.253128733,104
141,77,-3.749606299,-0.203856749,-1.060023504,116
142,74,-9.249606299,-15.21487603,3.522997524,96
143,70,3.7503937008,-4.228650138,2.6281287334,86
144,73,7.3503937008,22.782369146,5.8535730765,98
145,79,3.2503937008,16.796143251,10.314664191,92
146,69,-2.732984968,-7.358333333,4.3788551402,105
147,70,-10.1496063,-19.16574586,3.436157475,77
148,78,6.0503937008,8.820441989,7.412787484,105
149,72,0.4503937008,-1.212707182,11.39086762,103
150,74,-3.680392157,-11.14640884,11.064664191,104
151,75,7.0196078431,6.8402203857,8.4603768793,91
152,73,2.6016221034,-2.983333333,10.069097312,80
153,71,-4.880392157,-12.2369146,16.352824142,110
154,71,1.4196078431,-9.239669421,16.200830962,95
155,73,11.887401575,40.741046832,13.216780123,99
156,78,22.987401575,53.721763085,15.47468476,101
157,79,14.187401575,24.82369146,13.896089356,85
158,80,10.9444319461429,-1.655172414,0.9632442881,105
159,75,7.70146231728571,9.8512396694,5.4778241416,127
160,77,4.45849268842857,29.820936639,10.016066492,103
161,81,1.21552305957143,-0.201101928,11.611151024,94
162,79,-2.02744656928572,3.8898071625,5.7278241416,90
163,85,-5.27041619814286,23.920110193,14.481330857,112
164,76,-8.513385827,-9.05,-3.264236021,111
165,73,-4.613385827,4.867768595,-2.21516803,100
166,72,-9.813385827,-7.082644628,-0.496871267,104
167,70,-6.904743083,-5.027548209,1.960861077,107
168,70,-6.61496063,-13.9338843,5.6444908083,117
169,74,6.9850393701,6.0936639118,5.022997524,109
170,79,-6.586944601,9.7139830508,3.7548815819,103
171,77,-2.21496063,-11.93112948,11.711462067,113
172,72,-1.41496063,-2.892561983,-1.305902688,101
173,71,-4.296442688,-19.91460055,2.7500204858,100
174,72,-6.437401575,-3.933884298,9.2698764572,105
175,72,-6.637401575,-6.895316804,17.586462067,90
176,78,18.387549213,28.827380952,11.064976496,109
177,70,-2.237401575,-3.867768595,-1.882502371,101
178,76,1.1542892664,-5.920110193,0.5931365304,96
179,78,4.5459801078,6.0385674931,-4.365710077,138
180,75,7.9376709492,-0.060606061,-10.62969491,116
181,77,11.3293617906,-0.079889807,-2.526023774,81
182,77,14.721052632,3.7816060017,0.6445945658,81
183,76,10.6316898969667,1.9035812672,6.6679250602,93
184,71,6.54232716193333,3.1129476584,1.7538551402,96
185,70,2.4529644269,-1.859504132,7.8944908083,109
186,71,4.6566929134,7.0661157025,11.111446572,98
187,71,10.156692913,31.05785124,3.9994152365,108
188,71,-3.889197403,-2.447814208,-0.284270489,93
189,72,-1.843307087,-8.922865014,4.7114620667,90
190,75,10.756692913,19.991735537,2.319097312,111
191,68,-9.412648221,-18.0137741,-0.529247527,101
192,69,-2.218503937,3.9889807163,-0.097569355,104
193,73,6.181496063,28.994505495,3.3149764962,143
194,80,11.482853295,16.808333333,11.677768184,101
195,78,3.081496063,15.054945055,12.478573077,105
196,81,21.381496063,30.096153846,24.39830983,104
197,76,5.2292490119,19.101648352,-4.722569355,91
198,76,-4.970750988,-2.906593407,3.9857639787,103
199,73,-3.456299213,1.0521978022,3.6633773711,107
200,72,1.2025521481,0.3666666667,5.6514058618,111
201,69,3.2437007874,3.0631868132,-9.090835704,102
202,76,-6.956299213,-5.950549451,-0.430132938,92
203,70,-11.05652174,-15.9010989,0.8702507206,109
204,69,-9.619685039,-3.909340659,-1.647175858,119
205,69,-3.919685039,22.052197802,-4.365041095,110
206,65,6.4884030944,13.011396844,-1.275582613,91
207,68,1.0803149606,18.038461538,2.772997524,107
208,69,-3.519685039,-3.019230769,13.835081392,99
209,70,9.1079051383,19.041208791,10.182644457,96
210,81,13.336220472,15.074175824,26.259964137,122
211,66,-7.863779528,-10.01373626,6.8175327734,110
212,63,-12.4275038,-17.02542373,-4.264236021,90
213,63,-10.76377953,-14.95879121,-5.13683605,98
214,63,-3.363779528,21.049450549,-6.355002961,104
215,71,3.55256917,16.090659341,6.6475443142,100
216,74,6.3811023622,28.192307692,13.761315105,117
217,74,9.9811023622,36.222527473,13.6697954,99
218,72,8.8816226097,13.508474576,0.2947954,107
219,70,-6.918897638,-15.90934066,-6.560023504,114
220,72,-5.218897638,-14.8956044,3.2357639787,97
221,68,-2.757312253,-4.843406593,5.9078633035,100
222,68,2.8771653543,10.123626374,1.6972953388,106
223,72,15.677165354,34.049450549,14.485763979,103
224,76,12.838582677,17.038461538,-1.534160489,107
225,63,-12.52283465,-19.00549451,-7.858936547,114
226,58,-13.42283465,-22.01648352,-2.262724336,87
227,56,-8.124110672,-3.958791209,-10.18090269,124
228,59,3.2874015748,12.090659341,-14.09206192,113
229,66,13.587401575,41.299450549,-10.55640665,100
230,79,12.221770963,23.442937853,17.110763979,113
231,73,1.1874015748,1.3626373626,10.022292435,102
232,63,-8.612598425,-1.593406593,-3.000277921,105
233,63,3.2806324111,16.326923077,-14.76514253,105
234,64,-0.362598425,8.0769230769,-8.507036115,96
235,53,-12.96259843,-21.00824176,-11.84378914,94
236,49,-9.986731156,-9.525423729,-9.784812108,103
237,55,-11.04206349,-27.18131868,-2.98104066,111
238,60,-9.805976096,-24.21153846,-2.625487388,91
239,65,14.2356,9.7802197802,-10.81436879,122
240,65,-8.9484,-17.16483516,-10.49281774,98
241,56,-10.91084337,-17.19505495,-17.3096822,104
242,54,-12.48058149,-20.16949153,-9.915131267,105
243,53,-1.908502024,1.7637362637,-17.55109185,84
244,53,8.1658536585,24.769230769,-13.41861146,112
245,56,12.66244898,3.8818681319,-1.975704167,118
246,60,-0.13755102,9.9505494505,-10.08249318,122
247,49,-11.34430894,-10.01923077,-14.18782809,113
248,48,-11.14847026,-4.669491525,-17.70255283,99
249,58,-3.42244898,-2.082417582,-14.51918747,110
250,68,6.637704918,17.92032967,1.6793427157,103
251,67,13.918106996,23.958791209,2.0759101727,104
252,57,-11.99090909,-21.97802198,-6.040363179,94
253,52,-9.283817427,-5.032967033,-13.27867803,102
254,50,-11.19448673,-11.93220339,-12.19047664,102
255,48,-8.4132924335,-21.04945055,-11.48912886,108
256,45,-5.632098137,-11.07692308,-13.61149767,98
257,52,-2.8509038405,18.107142857,-14.00916403,120
258,54,-0.069709544,23.21978022,-10.49673238,114
259,55,5.5508333333,5.271978022,-13.37914443,120
260,62,10.351464435,24.593220339,-11.90779649,114
261,63,17.810504202,54.186813187,-16.46214059,130
262,54,-6.589873418,-17.77472527,-9.353061163,108
263,52,10.750847458,3.271978022,-18.73464655,91
264,61,22.876271186,12.321428571,-20.36831924,97
265,57,-6.550212766,-21.68956044,-18.47200494,101
266,54,-11.6381354,-21.3220339,-1.720754598,105
267,49,-12.47939914,-25.76098901,0.9165741693,102
268,41,-14.27543103,-26.8956044,7.0171621218,112
269,37,-7.741125541,-21.8543956,-2.1019746,116
270,39,-7.091774892,-10.81593407,-16.74916877,120
271,38,-4.33,-11.81593407,-13.6049644,99
272,35,4.3119168007,7.4859731151,-14.60142658,113
273,37,15.822368421,0.2142857143,-14.86857271,110
274,43,18.572687225,20.142857143,-13.45834678,97
275,52,-8.15619469,7.0412087912,-6.280432661,124
276,41,-6.643362832,-3.892857143,-5.298782194,108
277,40,1.4462222222,-0.835164835,-17.31508212,119
278,43,3.4687108396,0.8710526316,-10.58931793,123
279,50,-1.143946188,-3.582417582,-12.1089927,111
280,43,-2.690990991,-19.61813187,-5.220915373,96
281,48,5.6728506787,-1.60989011,-15.93208365,102
282,42,1.0850678733,-7.373626374,-14.54524079,109
283,48,6.3218181818,14.799450549,-15.50011731,123
284,45,-4.009721221,-5.694252874,-13.49099697,114
285,31,-3.059174312,-19.32142857,-14.60324417,114
286,34,-1.4,-0.277472527,-13.23383778,116
287,49,-6.24212963,26.739010989,-8.090668131,105
288,50,-6.998148148,6.7802197802,-8.548009599,101
289,46,-0.32744186,0.7225274725,-16.15973676,110
290,50,-1.350877193,3.2486849795,-17.68754001,117
291,50,2.49309608933333,-12.21153846,-12.35102644,103
292,48,6.33706937166667,30.887362637,-17.16211354,94
293,54,10.181042654,11.854395604,-11.63916834,123
294,63,13.822274882,25.892857143,-9.611328633,106
295,52,7.1866666667,2.8818681319,-9.576530099,102
296,45,0.6919457735,-8.336455546,-16.75594916,100
297,55,-3.2,4.9285714286,-14.01074368,112
298,61,4.8473429952,11.945054945,-13.36318004,104
299,61,13.483495146,22.912087912,-18.86755474,117
300,59,5.7417475728,1.7967032967,-15.05001811,113
301,50,-2.589268293,-20.29945055,-13.32142379,103
302,39,-5.575644995,-20.37288136,-3.335274524,99
303,38,6.6665024631,-8.351648352,-16.51281573,130
304,39,2.5435643564,-2.423076923,-17.00807048,105
305,35,4.8980099502,-12.53021978,-16.95261009,99
306,39,-3.077,-5.57967033,-16.35920349,108
307,38,-0.1985,-2.631868132,-16.13424096,112
308,38,2.1150224808,-6.533898305,-9.258035783,109
309,36,4.696969697,22.403846154,-14.23269397,125
310,44,1.81498660066667,-0.549450549,-16.4614346,113
311,37,-1.06699649566667,-17.47252747,-16.1171851,125
312,32,-3.948979592,-15.39010989,-12.81684776,124
313,43,-3.829230769,20.67032967,-14.94488873,119
314,35,0.4373440043,-9.288135593,-13.13564216,126
315,31,1.0196891192,-17.3021978,-17.15175107,107
316,23,4.3963541667,-11.43956044,-15.45630568,126
317,10,-3.429319372,-6.53021978,-7.008001697,120
318,17,-2.592146597,-2.623626374,-12.54705768,109
319,19,-7.355263158,-7.497252747,-11.52184922,140
320,25,-5.247368421,-12.68421053,-7.795543884,130
321,26,-3.79912280696667,4.5686813187,-9.947142058,138
322,36,-2.35087719293333,2.5714285714,-11.95821512,125
323,29,-0.9026315789,1.467032967,-16.36704658,156
324,22,0.545614035133332,-6.480769231,-9.666223089,120
325,7,1.99385964916667,-3.519230769,-12.93915119,99
326,13,3.4421052632,-6.372881356,-12.49622882,141
327,14,3.61853244225,-14.45604396,-2.244121522,136
328,22,3.7949596213,-14.013736265,7.1267125697,147
329,16,3.97138680035,-13.57142857,-0.772970924,136
330,-2,4.1478139794,-17.62362637,-10.32924946,128
331,1,4.32424115845,-0.582417582,-12.03290243,126
332,12,4.5006683375,-6.1,-13.1692038,128
333,1,0.76261487075,5.2967032967,-14.82616727,154
334,16,-2.975438596,-8.681318681,-4.741993255,153
335,4,-3.1087280697,-13.59615385,-9.531692431,113
336,6,-3.2420175434,-12.58516484,-1.95763261,138
337,5,-3.3753070171,-0.645604396,-11.21209459,150
338,20,-3.5085964908,2.1803039158,-11.81214736,146
339,20,-3.6418859645,-29.67307692,8.1347104595,137
340,18,-3.7751754382,-9.75,-4.399030587,139
341,23,-3.9084649119,7.0247252747,-15.19724448,118
342,30,-4.0417543856,-4.967032967,-12.91573763,138
343,28,-4.1750438593,1.1236263736,-13.91695979,93
344,29,-4.308333333,-16.80677966,-1.502495623,140
345,27,3.756178161,-2.868131868,-12.33614477,118
346,30,11.820689655,24.184065934,-14.61602612,162
347,37,9.759814557625,23.186813187,-14.50810908,138
348,42,7.69893946025,-14.84340659,-17.00646128,137
349,39,5.638064362875,-25.82417582,-13.42745914,136
350,33,3.5771892655,-12.90983607,-5.340752522,136
351,28,5.06776354141667,-18.89285714,-11.85936011,148
352,29,6.55833781733333,1.1373626374,-13.71318337,135
353,42,8.04891209325,17.145604396,-11.00239636,120
354,33,9.53948636916667,-8.956043956,-11.02865207,107
355,33,11.0300606450833,-4.052197802,-9.03551366,133
356,34,12.520634921,13.14279661,-5.318512933,137
357,36,17.169811321,-11.04945055,0.5321728301,119
358,40,14.2030858989,-9.013736264,-14.70469932,117
359,38,11.2363604768,-25.92032967,-13.86280434,131
360,41,8.2696350547,10.087912088,-6.736690202,126
361,31,5.3029096326,-14.8956044,-5.232999441,143
362,31,2.3361842105,-5.220765027,-15.34420859,113
363,40,4.79897660816667,-12.94230769,-10.80068936,145
364,33,7.26176900583333,-6.868131868,-6.686287028,143
365,37,9.7245614035,0.1291208791,-13.59699748,134
366,44,6.44327485366667,-22.86263736,-10.86661726,139
367,44,3.16198830383333,18.126373626,-10.19748272,145
368,49,-0.119298246,-4.636440678,-7.441012965,136
369,23,-1.090213328,-18.8543956,1.0339870349,135
370,23,-2.06112841,-9.695054945,-5.003366923,137
371,34,-3.032043492,4.3351648352,-5.895236709,138
372,45,-3.01382960733333,25.214285714,-6.727086024,147
373,39,-2.99561572266667,-1.736263736,-10.91121949,125
374,27,-2.977401838,-12.24166667,-7.821483296,150
375,29,-4.01228238933333,-1.741758242,-8.705882252,142
376,28,-5.04716294066667,-22.62087912,5.2172344865,137
377,25,-6.082043492,-24.57967033,2.2558801706,145
378,28,-3.37778266343333,-31.55494505,13.940632918,124
379,26,-0.673521834866667,-11.49450549,5.8589754002,136
380,29,2.0307389937,5.95,-6.001368058,133
381,27,21.963013699,22.574175824,-15.48584294,130
382,33,24.1272695615,-2.423076923,-12.16107125,155
383,36,26.291525424,12.524725275,-13.73666685,149
384,43,15.2497175143333,1.4423076923,-16.06842186,140
385,37,4.20790960466667,-29.52197802,-6.572188983,114
386,38,-6.833898305,-8.372881356,1.7124039909,138
387,37,-4.09204331443333,-1.535714286,-16.98574161,137
388,31,-1.35018832386667,-26.6043956,-0.943536015,158
389,30,1.3916666667,-13.77747253,-5.094811576,142
390,35,-1.27499999986667,-1.881868132,-7.250934754,130
391,25,-3.94166666643333,-29.97802198,14.274660303,112
392,21,-6.608333333,-13.13559322,14.595708575,109
393,24,-6.726841085,11.101648352,4.55038894,126
394,29,-6.845348837,-19.90934066,5.3184254697,152
395,29,-6.963856589,-29.97802198,15.39068694,123
396,28,-7.082364341,-19.03296703,0.62955694,124
397,27,-7.200872093,-20.02472527,8.6153791117,117
398,28,-7.319379845,-9.43045977,12.031145065,132
399,32,-3.6870578277,-28.92307692,18.142964665,124
400,31,-0.0547358104000004,4.228021978,-7.223874353,155
401,43,3.5775862069,12.302197802,-8.690266327,132
402,50,-0.1510771804,-2.722527473,7.8243964901,130
403,38,-3.8797405677,-18.73351648,5.2496641038,114
404,36,-7.608403955,-10.41666667,-0.544093797,135
405,39,-7.620230809,-0.75,-3.611483148,141
406,38,-7.632057663,-26.70879121,9.4813205977,137
407,36,-7.643884517,-8.604395604,1.2622883116,142
408,38,-7.655711371,8.4038461538,-8.285444013,120
409,35,-7.667538225,-12.63736264,9.7226334354,121
410,32,-7.679365079,-9.316666667,7.2262483181,147
411,35,-4.86779661,-14.59615385,7.6101428915,143
412,41,-1.95590395466,3.5,0.3150477916,103
413,43,0.955988700680001,22.478021978,-3.992241825,113
414,48,3.86788135602,-7.510989011,-5.317945175,115
415,55,6.77977401136,65.543956044,1.9163114482,116
416,60,9.6916666667,30.933333333,8.2015904406,122
417,58,6.85443704608333,13.68956044,-8.013949366,113
418,64,4.01720742546667,13.651098901,-9.849654601,115
419,63,1.17997780485,8.6565934066,-8.319291577,117
420,56,-1.65725181576667,-17.35714286,-1.18117938,97
421,50,-4.49448143638334,-15.37912088,-3.786625693,108
422,53,-7.331711057,-13.8954023,0.563058169,108
423,55,-4.137889427,26.593406593,6.0014545947,127
424,55,-0.944067797,3.5494505495,7.8865779356,122
425,45,-6.930188679,-25.6043956,7.7326606365,126
426,47,-6.76543255566667,-19.68681319,9.3285860212,108
427,46,-6.60067643233333,-22.5989011,0.1258197389,114
428,45,-6.435920309,-6.211309524,1.2524695002,113
429,50,1.414,4.3049450549,-3.679416145,120
430,49,-0.738978293,30.285714286,4.36022492,101
431,49,-2.891956586,-4.741758242,11.08544369,119
432,44,-1.43927049236667,-25.82417582,1.2429843707,121
433,44,0.0134156012666664,-24.83791209,-5.244564135,120
434,42,1.4661016949,-3.32112069,-13.13736161,108
435,42,4.30645510275,13.274725275,-12.61933678,106
436,45,7.1468085106,11.214285714,-1.844272394,117
437,54,2.69095681295,0.2005494505,2.1166646658,111
438,48,-1.7648948847,-0.978021978,-10.68473507,100
439,43,-6.22074658235,-32.98626374,4.6506422581,116
440,44,-10.67659828,-15.54872881,8.6625685076,119
441,48,-10.2896745966667,-12.73901099,8.2047527138,90
442,51,-9.90275091333333,1.1950549451,14.659255054,103
443,50,-9.51582723,-2.71978022,2.976666079,113
444,51,-9.12890354666667,-19.6043956,5.9802287643,113
445,52,-8.74197986333333,-16.79945055,10.392772252,109
446,51,-8.35505618,-4.164285714,7.7200824048,104
447,56,-7.92189945316667,-4.090659341,7.4230300719,106
448,58,-7.48874272633333,-1.184065934,19.473871162,94
449,64,-7.0555859995,18.664835165,16.989773813,114
450,67,-6.62242927266667,42.64010989,18.383982192,144
451,70,-6.18927254583333,41.576923077,11.959686162,102
452,58,-5.756115819,-9.327586207,-4.089270388,89
453,56,-4.20740471688333,-0.818681319,-4.077614616,103
454,53,-2.65869361476667,-23.85164835,-11.14096594,116
455,51,-1.10998251265,-24.90659341,-5.60729541,97
456,58,0.438728589466667,-0.049450549,8.4018855597,102
457,67,1.98743969158333,30.934065934,9.7923408799,132
458,62,3.5361507937,13.234804208,3.8836073714,100
459,51,11.6510011138,-16.07417582,6.0339885124,102
460,53,19.7658514339,-17.18131868,3.250472475,101
461,60,27.880701754,16.708791209,-2.68968829,107
462,69,15.6931200053333,11.747252747,14.508607371,96
463,69,3.50553825666667,-1.266483516,5.7734961357,116
464,61,-8.682043492,-15.62711864,-1.708702646,93
465,61,-0.179841860000002,-7.241758242,-2.98229541,104
466,64,8.322359772,18.642857143,13.400965808,95
467,66,16.824561404,32.489010989,22.146280365,118
468,59,7.370943366,-23.55494505,11.089146517,91
469,60,-2.082674672,-13.60164835,-6.44220344,88
470,51,-11.53629271,-17.69138418,-5.505823948,114
471,56,-7.1633465615,1.4148351648,4.0756551791,114
472,60,-2.790400413,-12.54120879,0.1716576877,95
473,64,1.5825457355,24.519230769,1.1403744112,96
474,75,5.955491884,10.508241758,5.1796841469,108
475,76,10.3284380325,13.645604396,23.83160748,94
476,70,14.701384181,18.333757062,26.295977945,109
477,73,12.233377377,2.8598901099,4.5421391416,102
478,65,9.765370573,-0.107142857,-6.289072906,110
479,64,7.297363769,-21.06318681,-9.410853483,124
480,58,4.829356965,-18.23351648,-1.400536773,85
481,64,2.361350161,-1.28021978,8.6392672663,114
482,75,-0.106656643,-3.122316384,6.4314784233,108
483,80,2.496737346,16.813186813,8.750472475,107
484,81,5.100131335,-1.192307692,13.274818823,98
485,80,7.703525324,3.7225274725,14.89270459,120
486,79,10.306919313,15.642857143,2.2956699564,107
487,79,12.910313302,24.563186813,3.741132696,111
488,78,15.513707291,14.066666667,7.5629470314,94
489,75,17.412727273,6.5796703297,17.016129893,88
490,65,11.6489299604,-15.38736264,3.854613698,114
491,66,5.8851326478,-22.4478022,2.239358436,99
492,58,0.121335335200001,-27.32692308,3.0364459632,102
493,61,-5.6424619774,-15.2967033,2.000472475,102
494,57,-11.40625929,-16.55946328,3.0577965599,85
495,59,-4.04756908633333,-0.28021978,3.3347928954,101
496,68,3.31112111733333,-7.203296703,13.880813184,97
497,67,10.669811321,1.7527472527,30.083805808,101
498,72,17.640108132,29.744505495,25.373765196,123
499,74,24.610404943,46.736263736,8.1879470314,97
500,76,31.580701754,26.357142857,21.165219759,111
501,76,24.2437382762667,-6.288461538,3.4868647334,89
502,75,16.9067747985333,10.695054945,7.6843712565,105
503,76,9.5698113208,7.6236263736,10.825655179,95
504,78,3.1040736012,8.6730769231,15.887465482,106
505,77,-3.3616641184,18.703296703,4.3927045899,94
506,66,-9.827401838,-9.423728814,-0.168689867,94
507,68,-7.11589042055,-2.244505495,5.1576083078,98
508,74,-4.4043790031,-4.18956044,2.5474798506,114
509,77,-1.69286758565,-2.200549451,4.5777860069,98
510,84,1.0186438318,30.793956044,5.5148720249,111
511,86,3.73015524925,8.7589041096,5.7226005997,90
512,87,6.4416666667,1,10.187947031,104
513,79,5.31647834276667,-7.205479452,3.4379470314,113
514,75,4.19129001883333,-9.18630137,3.6589545947,116
515,76,3.0661016949,38.756164384,15.053726321,89
516,76,-0.791735005066667,-2.221917808,10.000472475,105
517,64,-4.64957170503333,-25.23287671,-0.541194192,89
518,67,-8.507408405,-6.268939394,-2.145386302,83
519,68,-6.77362467893333,11.761643836,0.8419407048,99
520,70,-5.03984095286667,39.816438356,8.0421391416,103
521,74,-3.3060572268,62.868493151,22.104613698,133
522,78,-1.57227350073333,51.84109589,26.833805808,93
523,82,0.161510225333334,76.81369863,21.576463864,115
524,75,1.8952939514,-1.025,1.7260379232,122
525,77,3.2602506124,-4.147945205,7.7921391416,89
526,79,4.6252072734,2.8794520548,2.125472475,96
527,76,5.9901639344,-4.169863014,4.0577965599,115
528,83,4.36434209383333,3.802739726,5.4641465172,98
529,82,2.73852025326667,-1.082191781,4.5643269352,88
530,83,1.1126984127,1.0909090909,0.3419407048,95
531,82,1.7379738052,-15.09863014,8.2141465172,110
532,85,2.3632491977,-13.1369863,13.920583592,102
533,80,2.9885245902,16.78630137,-1.707860858,99
534,79,3.8894621462,-6.235616438,1.6879470314,121
535,82,4.7903997022,1.7780821918,8.4947836551,98
536,83,5.6913372582,10.456214689,4.6138770741,105
537,90,4.13411193983333,30.75890411,9.1518772471,139
538,83,2.57688662146667,-3.24109589,11.819750025,139
539,74,1.0196613031,-24.24383562,1.492713441,116
540,71,-0.537564015266666,-21.26027397,-5.278296757,117
541,71,-2.09478933363333,-4.271232877,-1.528882021,87
542,76,-3.652014652,1.0166666667,-1.235732734,93
543,73,-7.184090909,-13.30410959,-2.398170284,102
544,76,-6.0124412666,13.701369863,4.1010379232,107
545,72,-4.8407916242,6.7506849315,-3.541194192,108
546,66,-3.6691419818,-28.29041096,0.805933933,109
547,66,-2.4974923394,-3.268493151,-1.983870107,105
548,78,-1.325842697,-0.358333333,6.5891465172,107
549,75,-0.566283055583333,5.6164383562,-6.666194192,104
550,70,0.193276585833333,-2.383561644,-10.10371964,105
551,72,0.95283622725,-2.252054795,-2.341011488,102
552,64,1.71239586866667,-28.27671233,-2.164681513,100
553,66,2.47195551008333,-19.32054795,-5.869186816,73
554,73,3.2315151515,2.7981638418,4.1752928602,95
555,75,0.0913226009999999,0.8082191781,3.3635278485,128
556,67,-3.0488699495,3.8328767123,-17.6453863,87
557,68,-6.1890625,-18.23561644,-0.530573381,81
558,67,-3.54594216416667,-16.2,0.0502740381,90
559,65,-0.902821828333334,-5.2,-5.562052969,99
560,67,1.7402985075,-0.921845574,-1.228719635,124
561,72,5.349087894,6.6246575342,-2.182987451,98
562,71,8.9578772805,-0.476712329,5.125472475,99
563,70,12.566666667,-11.62465753,9.4796406863,89
564,72,12.9139455785,-1.569863014,1.125472475,103
565,74,13.26122449,27.342465753,-0.276447029,87
566,80,20.323529412,26.144067797,7.492713441,105
567,69,21.4974395585,-20.55068493,7.1128016131,104
568,62,22.671349705,-16.61643836,0.220555727,98
569,65,23.8452598515,-1.712328767,-2.108870107,109
570,70,25.019169998,45.328767123,14.258607371,85
571,74,26.1930801445,65.323287671,17.0976006,100
572,76,27.366990291,44.091666667,25.365716542,115
573,79,21.1736656181667,30.287671233,32.391641584,110
574,77,14.9803409453333,23.238356164,31.599463227,100
575,66,8.7870162725,-21.89863014,2.1879470314,100
576,65,2.59369159966667,-7.917808219,-10.78459474,98
577,71,-3.59963307316667,2.8684931507,-4.416194192,100
578,62,-9.792957746,5.5083333333,-11.02553994,90
579,62,-9.54159629183333,15.843835616,-9.48229541,97
580,64,-9.29023483766667,7.8712328767,-3.562052969,93
581,68,-9.0388733835,-5.128767123,0.7558131839,106
582,59,-8.78751192933333,-21.24383562,-16.17589909,111
583,59,-8.53615047516667,-15.2630137,-13.81822438,105
584,55,-8.284789021,-6.063418079,-13.19220344,104
585,59,-9.75480226,-13.16164384,-9.349812136,111
586,59,-10.23990443,-11.14794521,-9.76024039,99
587,62,-10.7250066,17.846575342,-4.108870107,103
588,64,-11.21010877,16.873972603,5.7226005997,109
589,58,-11.69521094,-23.15068493,-10.90053677,100
590,51,-12.18031311,-18.48275862,-5.641903202,107
591,57,-13.5956717033333,-9.243835616,-9.284504915,102
592,66,-15.0110302966667,15.621917808,-1.365469554,103
593,57,-16.42638889,-27.44109589,-2.944870534,114
594,62,-13.2603009266667,3.5643835616,4.6610319131,93
595,72,-10.0942129633333,58.583561644,20.767773816,121
596,66,-6.928125,-7.065804598,16.150472475,96
597,58,-10.25886243,-24.25205479,-5.999527525,116
598,56,-9.67512087,-29.03835616,-10.70681233,96
599,56,-9.09137931,-3.808219178,-9.333623369,89
600,51,-9.61108789,-8.854794521,-15.29214455,89
601,46,-10.13079647,-16.87123288,-13.57218471,119
602,44,-10.65050505,-13.70909091,-9.218489125,101
603,47,-10.7661154966667,-17.91232877,-5.588230974,111
604,51,-10.8817259433333,7.104109589,-13.61546083,106
605,52,-10.99733639,-8.063013699,-5.1634284,110
606,59,-2.41357513733333,-3.090410959,-9.706907566,115
607,61,6.17018611533333,29.942465753,-8.798478496,107
608,59,14.753947368,15.876201244,-18.53018666,124
609,66,12.0096386796667,-9.131506849,-0.00530667,108
610,55,9.26532999133333,-4.167123288,-8.967054971,97
611,62,6.521021303,48.84109589,-3.434007928,105
612,56,3.77671261466667,-5.120547945,-8.663936419,113
613,48,1.03240392633333,-1.073972603,-12.17577395,103
614,64,-1.711904762,11.588822653,-0.021041198,98
615,58,-2.262808303,20.583561644,-1.273929264,100
616,45,-2.813711844,-31.44383562,-8.391609112,98
617,44,-3.364615385,-12.42739726,-18.56066045,97
618,50,-4.417670687,14.605479452,-13.95994812,106
619,44,-5.470725989,-2.416438356,-15.5713311,90
620,52,-6.523781291,4.4462382445,-12.77750369,103
621,51,-5.88710179333333,-10.30410959,-4.731222211,108
622,43,-5.25042229566667,-26.33972603,-3.212451137,101
623,40,-4.613742798,-27.38356164,-8.85033546,134
624,50,-3.97706330033333,26.635616438,-10.86353191,111
625,53,-3.34038380266667,18.690410959,-11.93378824,113
626,48,-2.703704305,8.8340870548,-13.26534607,119
627,64,-4.46831680583333,50.473972603,-9.583441077,103
628,62,-6.23292930666667,60.342465753,0.6658872364,127
629,66,-7.9975418075,55.364383562,14.103904537,108
630,58,-9.76215430833333,9.3808219178,-7.64599263,106
631,59,-11.5267668091667,26.334246575,-7.31941835,106
632,42,-13.29137931,-11.31925287,-3.795366865,106
633,37,-7.9294448668,-6.564383562,-6.941127519,108
634,46,-2.5675104236,87.424657534,-8.974854044,100
635,55,2.7944240196,18.271232877,-7.053898199,123
636,45,1.83316734906667,-2.915068493,-7.462413751,114
637,44,0.871910678533333,9.0136986301,-2.124616132,102
638,55,-0.089345992,10.362068966,-12.22332116,97
639,67,-1.82374070833333,22.816438356,0.1386099358,145
640,58,-3.55813542466667,17.947945205,0.3496993031,99
641,44,-5.292530141,-18.09863014,-0.582886423,115
642,47,-7.02692485733333,34.756164384,-15.8573841,115
643,54,-8.76131957366667,49.756164384,-7.155630381,109
644,45,-10.49571429,-7.85,-0.106801806,101
645,41,-7.82371290833333,-18.11780822,-12.42798191,130
646,38,-5.15171152666667,-20.15068493,-5.06953442,100
647,40,-2.479710145,-5.252054795,-10.18945203,122
648,58,1.2692176269,52.764383562,-4.941847308,113
649,49,5.0181453988,41.906849315,-6.128741289,118
650,39,8.7670731707,4.6823063878,-17.34203281,119
651,42,8.13916870678333,12.994520548,-16.91625075,131
652,54,7.51126424286667,19.857534247,-12.87473325,101
653,52,6.88335977895,-0.230136986,-11.02827837,116
654,40,6.25545531503333,-19.30684932,-12.06064185,93
655,36,5.62755085111667,-8.4,-12.45108931,99
656,37,4.9996463872,-2.951102318,-10.73310841,131
657,41,0.927680924800001,-23.38356164,-12.21773707,131
658,34,-3.1442845376,-27.26849315,-11.52726088,123
659,32,-7.21625,-21.16712329,-10.92469677,123
660,30,2.4086206897,-13.17534247,-13.42911627,100
661,36,0.10701304735,12.767123288,-13.0632041,112
662,50,-2.194594595,-1.204781421,-11.89653743,116
663,53,-1.538181818,24.619178082,-8.814674815,107
664,49,0.24311308218,16.684931507,-15.39246859,129
665,39,2.02440798236,-34.21369863,-7.810791391,122
666,29,3.80570288254,-22.09315068,-11.63584666,122
667,33,5.58699778272,-3.128767123,-13.72724839,113
668,38,7.3682926829,-4.384195402,-14.94637493,122
669,43,3.7437506776,22.695890411,-13.6411678,127
670,31,0.119208672300001,-20.38082192,-11.37308172,120
671,31,-3.505333333,-11.47671233,-13.82441255,124
672,35,4.2350877193,-18.44109589,-16.81527819,127
673,35,-0.13501352935,5.5808219178,-10.17857921,127
674,38,-4.505114778,-16.30384398,-7.398085704,129
675,36,-3.84419932566667,-15.57534247,-15.94967154,122
676,27,-3.18328387333333,-23.58082192,-14.30994551,132
677,23,-2.522368421,-23.62739726,-8.754967346,135
678,19,-3.38157894733333,-11.55068493,-11.04499672,112
679,32,-4.24078947366667,-2.501369863,-14.94137294,114
680,21,-5.1,-10.80327869,-6.090618262,142
681,8,-3.63109526,-12.44109589,-11.05491591,124
682,13,-0.0659661004000003,-10.25753425,-14.27306659,127
683,10,3.4991630592,2.901369863,-12.05971043,121
684,14,-1.22027122053333,-5.175342466,-9.890621385,123
685,19,-5.93970550026667,9.8630136986,-11.54273544,140
686,28,-10.65913978,-11.25862069,3.2269679699,150
687,19,-8.05872476566667,-12.00273973,-6.306412773,153
688,21,-5.45830975133333,-19.90684932,-9.526839389,164
689,36,-2.857894737,-10.96703297,-14.23688505,123
690,34,0.554837039933333,-26.97796143,-8.383720694,131
691,34,3.96756881686667,-9.994475138,-12.61195454,127
692,42,7.3803005938,-0.833333333,-13.50058052,160
693,48,12.548598278,11.075,-2.294333025,147
694,35,-5.570733889,-27.90529248,-7.504970023,160
695,28,-5.945664191,-22.91340782,-6.021543578,131
696,20,1.757591623,-10.93837535,-14.06138889,126
697,34,1.068627451,0.0420168067,-14.25095593,127
698,25,-1.394634146,-5.423656735,-9.816863213,139
699,37,-1.274742268,-7.887955182,-11.91607315,139
700,39,8.1897435897,-7.022408964,-16.22040203,124
701,42,-2.960913706,-24.03081232,-10.56530655,139
702,33,-7.743434343,-23.95238095,-6.654233491,135
703,31,-6.730150754,-20.82352941,-3.875352212,122
704,25,-5.348015873,-11.56504702,-9.256052088,137
705,20,3.6311832796,-2.492997199,-14.53198532,122
706,34,2.1299961052,9.7647058824,-14.49792021,140
707,31,-5.456663861,-26.18207283,2.0278112056,124
708,22,-6.141434845,-11.17927171,2.1173006112,108
709,25,2.7302752294,-14.12885154,-14.20902305,139
710,21,5.457445307,2.7018361582,-14.44233101,137
711,10,-1.114351852,-20.08963585,-5.594012161,129
712,5,14.512745098,12.955182073,-10.61378779,128
713,17,10.207865169,-2.957983193,-13.17130218,119
714,16,1.9287804878,-13.92156863,-4.038539626,125
715,6,8.4244292237,1.0476190476,-11.82596625,123
716,17,-1.979772727,-8.558551618,-8.749694438,133
717,15,-4.297115385,-6.098039216,-9.422509546,119
718,20,-1.567942584,-6.179271709,-6.455682181,117
719,21,13.291818182,16.901960784,-12.17170701,124
720,24,-1.186255924,-5.969187675,3.9360126486,129
721,28,14.978251121,-8.932773109,-9.565788472,112
722,20,14.875240077,3.4491525424,-7.568607382,129
723,25,3.9773333333,-7.025210084,-9.135935804,110
724,21,13.426976744,5.9691876751,-10.24181176,113
725,33,7.3712198156,-13.9719888,-8.981205799,117
726,25,-1.461751152,-18.99439776,-6.717823961,109
727,21,3.5212719298,-11.97478992,-7.372171853,127
728,23,17.691818182,4.3898305085,-10.45377372,113
729,26,7.9065217391,-17.00280112,-3.992923226,114
730,22,14.472552448,10.99719888,-6.465596497,116
731,41,20.414912389,3.9607843137,-6.811183716,129
732,35,23.3625,15.980392157,-9.431673745,103
733,24,-7.05063701,-24.00560224,0.9656630216,114
734,24,2.3302752294,-2.771929825,5.3119221327,102
735,30,11.221322188,3.9355742297,-4.93344834,97
736,26,-2.128429849,-18.20448179,-3.890229882,116
737,31,9.8964410058,-4.168067227,-11.92056413,123
738,28,-0.913716814,-13.1232493,-1.806314251,91
739,27,7.1604347826,2.918767507,-2.211719136,106
740,30,-2.545555556,-10.63798701,5.57706548,122
741,29,4.1573275862,-25.04761905,2.4563346914,133
742,27,8.3969957082,-12.99159664,3.0074292,111
743,35,8.3824786325,16.028011204,-7.366742952,134
744,49,3.1404255319,23,-10.17777952,120
745,59,8.7995762712,52.927170868,5.6263987911,120
746,49,3.3302752294,-8.813559322,-3.382903882,94
747,55,1.1020218344,26.775910364,-3.988200924,114
748,56,-7.07804878,2.781512605,3.2359726302,110
749,45,-11.82923739,-33.08123249,2.3366089495,109
750,43,0.5422425958,-8.1232493,-8.855345041,111
751,54,-4.599156118,9.7843137255,-1.68292331,103
752,46,-7.920066467,-16.16666667,4.8442136636,112
753,33,-8.693305439,-27.2745098,6.2252622019,101
754,35,-4.112244898,-0.182072829,3.8452393708,105
755,46,1.7275757576,-7.022408964,-5.561270993,104
756,52,7.4068825911,-13.9719888,-6.780323484,95
757,51,5.5641129032,31.182072829,-4.462653054,109
758,66,3.7348245614,6.65,1.4133934486,109
759,67,4.1458661417,56.165266106,8.0345400576,130
760,46,-9.162151394,-16.91316527,-0.750910484,87
761,30,-8.023156036,-26.95518207,1.1286507629,111
762,30,-11.81113281,-31.92156863,7.1039981919,119
763,34,0.1942622951,-21.8627451,-3.962672385,99
764,39,13.239073129,5.1535087719,-12.84786011,109
765,45,7.8925490196,9.0700280112,-4.831731678,84
766,50,15.449797571,-0.047619048,-2.515314801,110
767,33,-11.1535162,-32.05602241,16.667904377,108
768,32,-9.535222672,-26.02521008,14.594028598,102
769,34,-1.054826255,-18,2.0624410883,113
770,39,5.3285140562,-1.226515152,-4.918743832,100
771,49,0.8446091954,-19.98879552,-6.214007117,126
772,47,14.520318725,8.7871148459,-16.8798562,93
773,51,16.824005539,19.767507003,-11.43618265,113
774,50,22.756954887,33.81232493,-7.016478649,99
775,57,11.070355731,6.8655462185,-2.511050062,99
776,53,-9.712873134,-12.51638418,11.205947259,106
777,52,-8.899250936,-6.039215686,9.2959595505,106
778,47,-9.64765625,-24.79271709,7.7378439744,119
779,39,-7.854428044,-24.80392157,-6.642821828,93
780,40,-7.115555556,-14.85434174,-2.176366768,90
781,40,-1.377131783,-0.887955182,2.6090105917,111
782,45,11.239010989,20.455701754,-8.542813013,97
783,52,7.1284615385,16.921568627,-6.544157125,98
784,51,22.97414134,3.7142857143,-2.066653213,98
785,52,9.2302752294,-3.408963585,-4.174482179,116
786,38,-10.53244275,-24.47058824,1.0960555824,111
787,44,-1.491634981,35.621848739,-0.965548425,122
788,53,-7.985294118,43.684210526,3.0448561224,120
789,41,-6.062660445,-11.27170868,-7.862158218,114
790,34,-8.133691756,-7.109243697,5.1347689792,108
791,45,-4.353365385,-15.93277311,1.0034188766,115
792,37,-7.967073589,-11.91036415,6.650902791,120
793,34,-4.538790036,-23.91876751,-0.817336551,86
794,39,0.71354187,-0.396491228,-3.207684033,122
795,49,2.7636042403,10.871148459,-2.610389154,99
796,58,4.3591549296,71.613445378,1.7821894184,121
797,56,6.6139725753,17.585434174,1.2015795438,100
798,44,-1.836491228,-17.31932773,-4.133925985,125
799,41,-1.11958042,-24.41456583,-7.878419065,101
800,48,12.372826087,7.35,-13.52141594,120
801,52,29.144444444,16.470588235,-12.8835079,97
802,53,8.1443561371,-14.59943978,-9.666769508,108
803,44,-8.691176471,-32.60504202,5.690124608,105
804,48,0.6380615421,-22.6302521,-1.822278091,97
805,47,-4.136059207,-13.71988796,8.5322297605,84
806,52,-7.650506912,-10.325,13.233591988,112
807,49,-4.243021781,-21.80672269,12.928768728,112
808,52,-5.016960743,-3.759103641,3.5057897075,123
809,53,0.8376344086,54.151260504,1.4868332746,123
810,54,-3.064067797,28.294117647,6.9999497424,127
811,48,-11.26215278,-25.44817927,1.205358838,85
812,54,-2.160348293,8.65,-0.243938083,113
813,57,6.788590604,13.806722689,-1.393207175,122
814,57,-5.506354515,-6.142857143,5.5806435098,97
815,63,0.9229032258,26.781512605,8.8407472437,102
816,72,-2.124916944,43.683473389,8.564068577,118
817,74,1.9378472222,44.966386555,11.911381484,126
818,74,-3.206883295,2.5627118644,9.8824729047,125
819,71,-1.3393205,1.0336134454,3.5751883223,104
820,76,7.0120248538,68.072829132,1.389634562,128
821,59,-8.276041667,-22.71988796,0.4148179907,108
822,55,-8.758131488,-17.61064426,-1.810495937,104
823,67,5.6980392157,14.521008403,-1.775834072,114
824,73,8.7996253655,8.1196327684,1.1023812382,102
825,53,-10.66215278,-17.31092437,2.8582512564,94
826,52,-9.462152778,-18.10084034,10.265889154,105
827,57,-5.396441333,0.9075630252,-3.789452157,108
828,61,6.1621993127,10.927170868,-3.03892311,95
829,61,23.055519481,16.882352941,-7.596363182,111
830,58,-2.814301638,-2.678107345,7.2465980725,102
831,46,-10.22064516,-32.87955182,4.7430441074,105
832,55,-6.362152778,-16.74509804,1.0607145716,104
833,57,1.5302752294,-4.714285714,5.1613814843,104
834,67,0.4378472222,37.380952381,-3.228510787,122
835,69,-4.852027027,9.4733893557,2.4952876802,104
836,68,-5.742977799,27.983963585,11.568403863,94
837,64,-6.595959596,22.43697479,7.7277341286,121
838,61,1.7825949367,36.411764706,-4.891201224,89
839,60,9.4384421889,-5.607843137,9.5765207587,102
840,55,-1.834599879,-27.60784314,3.1504654427,101
841,56,-8.381243613,-25.68627451,4.033158763,117
842,65,5.683,5.2664565826,3.2607420826,102
843,67,10.964784053,21.294117647,-8.007232706,105
844,73,5.7642384106,27.394957983,10.797746748,99
845,60,-7.309862385,-11.33893557,3.8235620338,89
846,55,-11.25478548,-24.17647059,6.6023812382,87
847,56,-2.555089547,-18.07282913,7.8664920964,88
848,54,-7.591933092,-12.225,10.286381484,92
849,60,-7.190149824,12.834733894,-0.141201224,116
850,64,-2.647144841,63.87394958,9.9579565759,122
851,78,0.5909090909,21.952380952,29.692544047,113
852,77,2.3378472222,54.067226891,34.088909924,115
853,80,-0.562152778,56.994397759,10.269047905,134
854,70,-5.669724771,-5.417982456,-5.623456871,98
855,57,-8.044848485,-22.04775281,-13.59953456,109
856,69,-1.392282958,-0.022535211,-9.68498515,109
857,72,-5.469724771,9.8985915493,4.8926441887,90
858,70,-7.362152778,-12.10985915,4.5775086532,95
859,67,-7.762152778,-8.191549296,1.0386147057,114
860,60,-12.44874306,-17.43333333,4.7863814843,106
861,65,-8.741904762,-24.16056338,5.8107145716,92
862,66,-0.762152778,10.845070423,8.1872814413,89
863,74,-0.265938774,0.8253521127,-1.314285428,101
864,74,-10.16215278,-19.23380282,3.8926441887,114
865,72,-8.674842767,-19.2028169,7.5358419865,89
866,71,-2.956,3.0166666667,2.4357145716,92
867,71,-7.998628011,-2.14084507,0.64095737,108
868,75,-0.961811683,-16.07887324,7.6985620338,99
869,72,-7.269724771,-14.13802817,-0.672491347,120
870,68,-7.21863354,-15.14084507,-1.326476854,106
871,62,-4.908118335,-10.645422535,-11.90270901,84
872,66,-6.974771179,-6.15,-1.968104633,102
873,66,-4.030232558,-4.73333333333333,-0.75928583,105
874,71,1.5985507246,-3.31666666666667,11.452508653,99
875,74,7.1769230769,-1.9,12.411381484,85
876,68,-5.162152778,-0.483333333333334,-0.277724785,97
877,70,-2.372463768,0.933333333333334,5.9525086532,88
878,76,0.5500356125,2.35,21.19982543,120
879,74,-1.372463768,-1.123943662,17.018453896,89
880,70,-8.650306748,-6.123943662,1.7858419865,108
881,73,0.2740518162,19.876056338,11.205322857,117
882,81,7.2275362319,23.876056338,14.602381238,111
883,73,-5.262152778,-13.12394366,5.5862736461,98
884,69,-3.519020801,-2.661016949,11.329185504,119
885,72,-2.550306748,-5.123943662,13.963909924,96
886,75,1.3496932515,7.876056338,9.8235620338,108
887,77,-5.634545455,-9.123943662,9.6389576596,97
888,73,-8.062152778,-14.12394366,5.7241301202,116
889,73,-1.762152778,-12.12394366,0.4528792423,91
890,77,-4.250306748,-1.966666667,-1.452756742,94
891,66,-11.86215278,-14.12394366,-0.297120758,98
892,63,-10.10622976,-18.12394366,-1.796951849,83
893,67,-7.286391655,5.876056338,-3.8847713,91
894,67,-8.550306748,-16.12394366,-4.856271346,100
895,63,-9.450306748,-15.12394366,-5.650834072,97
896,63,-11.01215278,-13.46666667,-5.093104633,98
897,66,-5.367308273,-1.123943662,2.8074634536,112
898,69,1.7496932515,12.876056338,8.0472432576,106
899,73,8.9286911912,51.876056338,13.368124326,103
900,77,15.849693252,31.876056338,10.099165928,92
901,74,3.8886147417,-4.123943662,8.4108419865,93
902,73,2.9711888112,1.6,27.144800054,111
903,71,7.0275362319,-15.12394366,14.974165928,84
904,70,2.0496932515,-10.12394366,-3.804855387,111
905,73,-0.665765766,-0.123943662,-3.088787424,97
906,76,-5.350306748,-1.123943662,4.0363814843,101
907,63,-13.56215278,-28.12394366,6.5972909929,97
908,67,-4.876851852,0.2833333333,2.7657967869,104
909,67,1.6075738985,7.876056338,1.2886561905,103
910,78,5.3496932515,3.876056338,7.5991659279,108
911,76,-3.48933083,-13.12394366,-3.464158014,112
912,77,-6.362152778,-2.123943662,-1.676437966,107
913,79,-1.850306748,11.876056338,3.1660171253,112
914,74,-3.401431143,0.113028169,-0.716841237,93
915,71,-6.050306748,-6.123943662,-3.130285182,97
916,71,-3.950306748,-1.123943662,1.5472432576,104
917,74,-2.763803662,-6.123943662,2.6389418813,104
918,76,10.127536232,31.876056338,7.325697059,80
919,82,12.649693252,21.876056338,17.703048151,125
920,70,-10.45350461,-9.65,-0.505285182,102
921,68,-4.672463768,-10.12394366,-1.458230209,81
922,67,-8.162152778,-23.12394366,0.3681243263,86
923,64,-7.046153199,-21.12394366,-5.230952095,108
924,65,-7.950306748,-24.12394366,5.6195459089,106
925,67,3.0275362319,-1.123943662,7.8948000536,109
926,76,13.359389844,13.070175439,5.7690479049,119
927,76,9.3275362319,26.876056338,5.328048151,93
928,71,6.3378472222,0.876056338,0.3407293104,110
929,70,7.9485688569,42.876056338,1.9112125756,95
930,73,15.649693252,26.876056338,8.4113814843,101
931,72,0.2378472222,-16.12394366,21.869714818,105
932,75,6.4619447033,8.5532695375,9.2445459089,89
933,77,17.037847222,17.876056338,5.7267872291,83
934,77,25.649693252,33.876056338,8.9722909929,109
935,80,17.908114311,33.876056338,14.956360663,106
936,80,17.049693252,33.876056338,19.108188091,100
937,79,-1.650306748,-1.123943662,15.618124326,103
938,77,2.1654545455,6.0333333333,13.432499261,99
939,66,-12.56730827,-30.12394366,2.5157967869,93
940,63,-14.37246377,-22.12394366,6.8927470305,89
941,61,-3.122445141,1.876056338,0.7324209436,91
942,74,3.7378472222,32.876056338,5.006531125,100
943,75,3.6275362319,19.876056338,-9.804872467,100
944,76,0.5081143114,-1.472175141,-3.336726417,91
945,78,-2.762152778,-11.12394366,-7.453077531,99
946,75,0.0937702369,13.876056338,-3.567518643,91
947,63,-8.365765766,-12.12394366,-5.047491347,100
948,63,-4.572463768,28.876056338,-9.339158014,79
949,65,-8.717308273,-4.123943662,-3.211343809,103
950,56,-11.28933083,-14.94673046,-8.794677143,92
951,56,-9.762152778,-18.12394366,-7.340209007,112
952,68,-6.450306748,-12.12394366,6.0375083842,120
953,69,1.2929824561,46.876056338,1.6679431668,118
954,75,0.7378472222,58.876056338,18.911569838,111
955,58,-7.150306748,-15.12394366,-12.87801048,101
956,54,-10.10958516,-11.79542076,-8.267966342,102
957,58,-1.662152778,-1.123943662,-16.33154105,92
958,63,-1.150306748,-21.12394366,-9.15814379,101
959,53,-12.66504723,-32.12394366,1.2445459089,103
960,49,-10.06215278,-27.12394366,-4.689285428,97
961,56,-4.972463768,0.876056338,-9.902724785,109
962,59,-7.439740656,-6.203638498,-5.933442768,90
963,55,-9.472463768,-15.12394366,-7.775834072,113
964,61,-5.562152778,23.876056338,-9.235112762,127
965,65,-0.197770346,34.876056338,3.3594403728,109
966,72,5.3378472222,58.876056338,26.204185504,124
967,69,0.4378472222,21.876056338,8.5887408596,120
968,59,-2.367041299,2.35,-6.973896857,119
969,57,-11.86215278,-24.12394366,8.0541456076,102
970,52,-8.150306748,-19.12394366,-2.467400902,117
971,41,-8.672445141,-26.12394366,-5.648981189,112
972,40,-11.36215278,-26.12394366,-8.471444957,125
973,39,-11.56215278,-31.12394366,-7.464279429,122
974,44,-6.610344828,-9.606578947,-12.28525561,113
975,49,-0.872463768,0.876056338,-12.59889296,126
976,53,-0.662152778,34.876056338,-11.72902096,95
977,58,-0.062152778,87.876056338,-1.204274733,119
978,66,1.2378472222,92.876056338,7.5953485767,126
979,67,4.0496932515,37.876056338,4.1086451271,124
980,55,-5.476851852,-7.716666667,-3.713351976,130
981,51,-3.472463768,4.876056338,-6.279354419,111
982,52,3.0378472222,4.876056338,-13.06885018,114
983,54,6.1845454545,42.876056338,-10.83543069,112
984,62,-1.811385258,24.876056338,-7.896482875,125
985,66,1.9386147417,45.876056338,1.4346392219,116
986,58,3.3316831683,11.443181818,-0.70334728,103
987,59,9.7886147417,7.876056338,-9.449472005,117
988,65,23.538614742,33.876056338,-17.94119009,114
989,63,16.576923077,0.876056338,-10.68194275,111
990,62,10.138614742,3.876056338,-11.02647272,99
991,68,25.138614742,43.876056338,-3.597704477,124
992,61,3.1231481481,-0.455653021,-5.255946095,112
993,50,-12.26138526,-29.12394366,2.16129703,81
994,46,-5.361385258,-14.12394366,-4.604368885,108
995,50,-6.065765766,-7.123943662,-10.97114795,112
996,59,-2.411385258,10.876056338,-16.93084616,120
997,63,2.6886147417,9.876056338,-11.54467714,115
998,55,3.8316831683,4.7166666667,-14.23604234,116
999,48,-6.911385258,-11.12394366,-10.76323203,101
1000,46,-5.011385258,-3.123943662,-12.21134381,107
